{
  "iter": 4000,
  "train_loss": 0.3820439875125885,
  "val_loss": 4.7809672355651855,
  "best_val_loss": 4.7809672355651855,
  "learning_rate": 0.0005999850965387806,
  "tokens_processed": 2621440000,
  "mfu": 24.78248472143419,
  "timestamp": "2026-01-15 06:33:15"
}