{
  "iter": 10000,
  "train_loss": 0.17638875544071198,
  "val_loss": 6.624370098114014,
  "best_val_loss": 6.624370098114014,
  "learning_rate": 0.0005997615775246896,
  "tokens_processed": 6553600000,
  "mfu": 24.787901190445872,
  "timestamp": "2026-01-15 17:21:16"
}