{
  "iter": 8000,
  "train_loss": 0.1992442011833191,
  "val_loss": 6.2346673011779785,
  "best_val_loss": 6.2346673011779785,
  "learning_rate": 0.0005998658787205398,
  "tokens_processed": 5242880000,
  "mfu": 24.818858309051457,
  "timestamp": "2026-01-15 13:45:05"
}