{
  "iter": 2000,
  "train_loss": 1.4558229446411133,
  "val_loss": 2.78375244140625,
  "best_val_loss": 2.78375244140625,
  "learning_rate": 0.0006,
  "tokens_processed": 1310720000,
  "mfu": 24.837308696881603,
  "timestamp": "2026-01-15 02:57:01"
}