{
  "iter": 1600,
  "train_loss": 2.0138747692108154,
  "val_loss": 2.570101022720337,
  "best_val_loss": 2.570101022720337,
  "learning_rate": 0.00048005997001499245,
  "tokens_processed": 1048576000,
  "mfu": 24.058359131559683,
  "timestamp": "2026-01-16 02:19:14"
}