{
  "iter": 400,
  "train_loss": 3.6113593578338623,
  "val_loss": 3.641601324081421,
  "best_val_loss": 3.641601324081421,
  "learning_rate": 0.00012023988005997,
  "tokens_processed": 262144000,
  "mfu": 24.048234949304092,
  "timestamp": "2026-01-15 23:46:36"
}