{
  "iter": 600,
  "train_loss": 3.1889755725860596,
  "val_loss": 3.2462706565856934,
  "best_val_loss": 3.2462706565856934,
  "learning_rate": 0.00018020989505247376,
  "tokens_processed": 393216000,
  "mfu": 24.06649727908207,
  "timestamp": "2026-01-16 00:12:02"
}