{
  "iter": 2200,
  "train_loss": 0.9976847767829895,
  "val_loss": 3.030872106552124,
  "best_val_loss": 3.030872106552124,
  "learning_rate": 6.003297862602369e-05,
  "tokens_processed": 1441792000,
  "mfu": 24.021247264466364,
  "timestamp": "2026-01-16 03:35:37"
}