{
  "iter": 800,
  "train_loss": 2.869096040725708,
  "val_loss": 2.951106071472168,
  "best_val_loss": 2.951106071472168,
  "learning_rate": 0.0002401799100449775,
  "tokens_processed": 524288000,
  "mfu": 24.035652231994458,
  "timestamp": "2026-01-16 00:37:29"
}