{
  "iter": 1000,
  "train_loss": 2.5591821670532227,
  "val_loss": 2.725552558898926,
  "best_val_loss": 2.725552558898926,
  "learning_rate": 0.00030014992503748123,
  "tokens_processed": 655360000,
  "mfu": 24.071859246121914,
  "timestamp": "2026-01-16 01:02:55"
}