{
  "iter": 1800,
  "train_loss": 1.6823363304138184,
  "val_loss": 2.6319494247436523,
  "best_val_loss": 2.6319494247436523,
  "learning_rate": 0.0005400299850074963,
  "tokens_processed": 1179648000,
  "mfu": 24.029311654640033,
  "timestamp": "2026-01-16 02:44:42"
}