{
  "iter": 6000,
  "train_loss": 0.24467596411705017,
  "val_loss": 5.687309741973877,
  "best_val_loss": 5.687309741973877,
  "learning_rate": 0.000599940387800405,
  "tokens_processed": 3932160000,
  "mfu": 24.82395768852336,
  "timestamp": "2026-01-15 10:09:09"
}