{
  "iter": 12000,
  "train_loss": 0.16810797154903412,
  "val_loss": 6.750361442565918,
  "best_val_loss": 6.750361442565918,
  "learning_rate": 0.0005996274957272904,
  "tokens_processed": 7864320000,
  "mfu": 24.822616648510724,
  "timestamp": "2026-01-15 20:57:11"
}