{
  "iter": 1450,
  "train_loss": 2.068455934524536,
  "val_loss": 2.5374114513397217,
  "best_val_loss": 2.5374114513397217,
  "learning_rate": 0.00015488283584505586,
  "tokens_processed": 950272000,
  "mfu": 24.742536233013645,
  "timestamp": "2026-01-28 20:19:06"
}