{
  "iter": 50,
  "train_loss": 6.151872634887695,
  "val_loss": 6.142752647399902,
  "best_val_loss": 6.142752647399902,
  "learning_rate": 0.0005991685113768691,
  "tokens_processed": 32768000,
  "mfu": 24.75970649930917,
  "timestamp": "2026-01-28 17:40:57"
}