{
  "iter": 1700,
  "train_loss": 1.9701857566833496,
  "val_loss": 2.5853209495544434,
  "best_val_loss": 2.5853209495544434,
  "learning_rate": 8.959203340606857e-05,
  "tokens_processed": 1114112000,
  "mfu": 24.725893322806847,
  "timestamp": "2026-01-28 20:47:22"
}