{
  "iter": 100,
  "train_loss": 5.226140022277832,
  "val_loss": 5.236027717590332,
  "best_val_loss": 5.236027717590332,
  "learning_rate": 0.0005966791667914055,
  "tokens_processed": 65536000,
  "mfu": 24.7496202927907,
  "timestamp": "2026-01-28 17:46:36"
}