{
  "iter": 250,
  "train_loss": 3.7383315563201904,
  "val_loss": 3.784543037414551,
  "best_val_loss": 3.784543037414551,
  "learning_rate": 0.0005794677465588214,
  "tokens_processed": 163840000,
  "mfu": 24.744930016042314,
  "timestamp": "2026-01-28 18:03:31"
}