{
  "iter": 150,
  "train_loss": 4.612349987030029,
  "val_loss": 4.622110366821289,
  "best_val_loss": 4.622110366821289,
  "learning_rate": 0.0005925472985525118,
  "tokens_processed": 98304000,
  "mfu": 24.725798396291097,
  "timestamp": "2026-01-28 17:52:15"
}