{
  "iter": 1150,
  "train_loss": 2.2951712608337402,
  "val_loss": 2.6008248329162598,
  "best_val_loss": 2.6008248329162598,
  "learning_rate": 0.0002672067869949362,
  "tokens_processed": 753664000,
  "mfu": 24.725667337660287,
  "timestamp": "2026-01-28 19:45:11"
}