{
  "iter": 850,
  "train_loss": 2.6029322147369385,
  "val_loss": 2.7801761627197266,
  "best_val_loss": 2.7801761627197266,
  "learning_rate": 0.00039320541519378895,
  "tokens_processed": 557056000,
  "mfu": 24.744935041699623,
  "timestamp": "2026-01-28 19:11:16"
}