{
  "iter": 800,
  "train_loss": 2.679813861846924,
  "val_loss": 2.8051528930664062,
  "best_val_loss": 2.8051528930664062,
  "learning_rate": 0.00041359583432350877,
  "tokens_processed": 524288000,
  "mfu": 24.72503572243259,
  "timestamp": "2026-01-28 19:05:37"
}