{
  "iter": 900,
  "train_loss": 2.561398983001709,
  "val_loss": 2.728534460067749,
  "best_val_loss": 2.728534460067749,
  "learning_rate": 0.00037242570285181805,
  "tokens_processed": 589824000,
  "mfu": 24.726021440054172,
  "timestamp": "2026-01-28 19:16:55"
}