{
  "iter": 1650,
  "train_loss": 1.9997434616088867,
  "val_loss": 2.578855276107788,
  "best_val_loss": 2.578855276107788,
  "learning_rate": 9.997007689637952e-05,
  "tokens_processed": 1081344000,
  "mfu": 24.72560337624797,
  "timestamp": "2026-01-28 20:41:43"
}