{
  "iter": 1400,
  "train_loss": 2.1344964504241943,
  "val_loss": 2.5512115955352783,
  "best_val_loss": 2.5512115955352783,
  "learning_rate": 0.00017153813901809773,
  "tokens_processed": 917504000,
  "mfu": 24.72558908315702,
  "timestamp": "2026-01-28 20:13:27"
}