{
  "iter": 300,
  "train_loss": 3.5715579986572266,
  "val_loss": 3.591372013092041,
  "best_val_loss": 3.591372013092041,
  "learning_rate": 0.0005706006220534945,
  "tokens_processed": 196608000,
  "mfu": 24.739925727219582,
  "timestamp": "2026-01-28 18:09:10"
}