{
  "iter": 1950,
  "train_loss": 1.8776445388793945,
  "val_loss": 2.595371961593628,
  "best_val_loss": 2.595371961593628,
  "learning_rate": 6.086506281437729e-05,
  "tokens_processed": 1277952000,
  "mfu": 24.745942680751348,
  "timestamp": "2026-01-28 21:15:35"
}