{
  "iter": 1250,
  "train_loss": 2.2338407039642334,
  "val_loss": 2.564387798309326,
  "best_val_loss": 2.564387798309326,
  "learning_rate": 0.00022692029506461218,
  "tokens_processed": 819200000,
  "mfu": 24.725075708932113,
  "timestamp": "2026-01-28 19:56:29"
}