{
  "iter": 450,
  "train_loss": 3.2780611515045166,
  "val_loss": 3.2987060546875,
  "best_val_loss": 3.2987060546875,
  "learning_rate": 0.0005353715410785911,
  "tokens_processed": 294912000,
  "mfu": 24.725470329294694,
  "timestamp": "2026-01-28 18:26:06"
}