{
  "iter": 600,
  "train_loss": 3.0067574977874756,
  "val_loss": 3.069014549255371,
  "best_val_loss": 3.069014549255371,
  "learning_rate": 0.0004888048839446558,
  "tokens_processed": 393216000,
  "mfu": 24.725539062754052,
  "timestamp": "2026-01-28 18:43:02"
}