{
  "iter": 1500,
  "train_loss": 2.057893991470337,
  "val_loss": 2.567502021789551,
  "best_val_loss": 2.567502021789551,
  "learning_rate": 0.0001393061099291234,
  "tokens_processed": 983040000,
  "mfu": 24.725726219545194,
  "timestamp": "2026-01-28 20:24:45"
}