{
  "iter": 1750,
  "train_loss": 1.9363434314727783,
  "val_loss": 2.5674784183502197,
  "best_val_loss": 2.5674784183502197,
  "learning_rate": 8.06947046500751e-05,
  "tokens_processed": 1146880000,
  "mfu": 24.725172029534665,
  "timestamp": "2026-01-28 20:53:01"
}