{
  "iter": 1000,
  "train_loss": 2.4331464767456055,
  "val_loss": 2.6582703590393066,
  "best_val_loss": 2.6582703590393066,
  "learning_rate": 0.0003302119515065845,
  "tokens_processed": 655360000,
  "mfu": 24.745479390468258,
  "timestamp": "2026-01-28 19:28:13"
}