{
  "iter": 600,
  "train_loss": 3.119164228439331,
  "val_loss": 3.1409101486206055,
  "best_val_loss": 3.1409101486206055,
  "learning_rate": 0.00018020989505247376,
  "tokens_processed": 393216000,
  "mfu": 24.838146965961577,
  "timestamp": "2026-01-16 14:11:28"
}