{
  "iter": 800,
  "train_loss": 2.8138983249664307,
  "val_loss": 2.8863637447357178,
  "best_val_loss": 2.8863637447357178,
  "learning_rate": 0.0002401799100449775,
  "tokens_processed": 524288000,
  "mfu": 24.837541730536916,
  "timestamp": "2026-01-16 14:33:29"
}