{
  "iter": 1600,
  "train_loss": 1.8991721868515015,
  "val_loss": 2.5228683948516846,
  "best_val_loss": 2.5228683948516846,
  "learning_rate": 0.00048005997001499245,
  "tokens_processed": 1048576000,
  "mfu": 24.832881803335244,
  "timestamp": "2026-01-16 16:01:33"
}