{
  "iter": 400,
  "train_loss": 3.5042760372161865,
  "val_loss": 3.5104379653930664,
  "best_val_loss": 3.5104379653930664,
  "learning_rate": 0.00012023988005997,
  "tokens_processed": 262144000,
  "mfu": 24.83867385527717,
  "timestamp": "2026-01-16 13:49:26"
}