{
  "iter": 1400,
  "train_loss": 2.0963079929351807,
  "val_loss": 2.4892470836639404,
  "best_val_loss": 2.4892470836639404,
  "learning_rate": 0.0004200899550224887,
  "tokens_processed": 917504000,
  "mfu": 24.854539881288307,
  "timestamp": "2026-01-16 15:39:31"
}