{
  "iter": 2200,
  "train_loss": 0.9749582409858704,
  "val_loss": 3.028074026107788,
  "best_val_loss": 3.028074026107788,
  "learning_rate": 6.003297862602369e-05,
  "tokens_processed": 1441792000,
  "mfu": 24.854129400669024,
  "timestamp": "2026-01-16 17:07:37"
}