{
  "iter": 2000,
  "train_loss": 1.4416083097457886,
  "val_loss": 2.7947046756744385,
  "best_val_loss": 2.7947046756744385,
  "learning_rate": 0.0006,
  "tokens_processed": 1310720000,
  "mfu": 24.832985283067593,
  "timestamp": "2026-01-16 16:45:36"
}