{
  "iter": 1000,
  "train_loss": 2.5165886878967285,
  "val_loss": 2.6393368244171143,
  "best_val_loss": 2.6393368244171143,
  "learning_rate": 0.00030014992503748123,
  "tokens_processed": 655360000,
  "mfu": 24.856253172743717,
  "timestamp": "2026-01-16 14:55:30"
}