{
  "iter": 200,
  "train_loss": 4.502573490142822,
  "val_loss": 4.502526760101318,
  "best_val_loss": 4.502526760101318,
  "learning_rate": 6.026986506746626e-05,
  "tokens_processed": 131072000,
  "mfu": 24.8569764326143,
  "timestamp": "2026-01-16 13:27:25"
}