{
  "iter": 1200,
  "train_loss": 2.2740578651428223,
  "val_loss": 2.5112879276275635,
  "best_val_loss": 2.5112879276275635,
  "learning_rate": 0.00036011994002998495,
  "tokens_processed": 786432000,
  "mfu": 24.855222100446895,
  "timestamp": "2026-01-16 15:17:30"
}