{
  "iter": 1800,
  "train_loss": 1.6682345867156982,
  "val_loss": 2.6295294761657715,
  "best_val_loss": 2.6295294761657715,
  "learning_rate": 0.0005400299850074963,
  "tokens_processed": 1179648000,
  "mfu": 24.83488349105358,
  "timestamp": "2026-01-16 16:23:34"
}