{
  "iter": 2000,
  "train_loss": 1.4397854804992676,
  "val_loss": 2.79372501373291,
  "best_val_loss": 2.79372501373291,
  "learning_rate": 0.0006,
  "tokens_processed": 1310720000,
  "mfu": 24.072098589394617,
  "timestamp": "2025-12-25 18:46:26"
}