{
  "iter": 6000,
  "train_loss": 0.2186156064271927,
  "val_loss": 5.720048904418945,
  "best_val_loss": 5.720048904418945,
  "learning_rate": 0.000599940387800405,
  "tokens_processed": 3932160000,
  "mfu": 24.06367572657301,
  "timestamp": "2025-12-26 03:04:49"
}