{
  "iter": 10000,
  "train_loss": 0.15272441506385803,
  "val_loss": 6.590216159820557,
  "best_val_loss": 6.590216159820557,
  "learning_rate": 0.0005997615775246896,
  "tokens_processed": 6553600000,
  "mfu": 24.055343961301254,
  "timestamp": "2025-12-26 11:23:21"
}