{
  "iter": 12000,
  "train_loss": 0.14141428470611572,
  "val_loss": 6.892361640930176,
  "best_val_loss": 6.892361640930176,
  "learning_rate": 0.0005996274957272904,
  "tokens_processed": 7864320000,
  "mfu": 24.06480424766562,
  "timestamp": "2025-12-26 15:32:38"
}