{
  "iter": 1600,
  "train_loss": 2.0329880714416504,
  "val_loss": 2.568192481994629,
  "best_val_loss": 2.568192481994629,
  "learning_rate": 0.00011176491493513732,
  "tokens_processed": 1048576000,
  "mfu": 24.725467215957263,
  "timestamp": "2026-01-28 20:36:04"
}