{
  "iter": 1800,
  "train_loss": 1.9328988790512085,
  "val_loss": 2.5664174556732178,
  "best_val_loss": 2.5664174556732178,
  "learning_rate": 7.333289083311681e-05,
  "tokens_processed": 1179648000,
  "mfu": 24.744625876535615,
  "timestamp": "2026-01-28 20:58:39"
}