{
  "iter": 2000,
  "train_loss": 1.8443070650100708,
  "val_loss": 2.620051383972168,
  "best_val_loss": 2.620051383972168,
  "learning_rate": 6.000033276623068e-05,
  "tokens_processed": 1310720000,
  "mfu": 24.744069967439167,
  "timestamp": "2026-01-28 21:21:14"
}