{
  "iter": 500,
  "train_loss": 3.181443214416504,
  "val_loss": 3.2319066524505615,
  "best_val_loss": 3.2319066524505615,
  "learning_rate": 0.0005209937523936029,
  "tokens_processed": 327680000,
  "mfu": 24.725506592014657,
  "timestamp": "2026-01-28 18:31:45"
}