{
  "iter": 1850,
  "train_loss": 1.9285855293273926,
  "val_loss": 2.589334487915039,
  "best_val_loss": 2.589334487915039,
  "learning_rate": 6.755193465470765e-05,
  "tokens_processed": 1212416000,
  "mfu": 24.74462316724992,
  "timestamp": "2026-01-28 21:04:18"
}