{
  "iter": 550,
  "train_loss": 3.0577592849731445,
  "val_loss": 3.1739957332611084,
  "best_val_loss": 3.1739957332611084,
  "learning_rate": 0.0005054395997663603,
  "tokens_processed": 360448000,
  "mfu": 24.744706888718497,
  "timestamp": "2026-01-28 18:37:23"
}