{
  "iter": 700,
  "train_loss": 2.833035945892334,
  "val_loss": 2.955065965652466,
  "best_val_loss": 2.955065965652466,
  "learning_rate": 0.0004527096115528168,
  "tokens_processed": 458752000,
  "mfu": 24.744529923809885,
  "timestamp": "2026-01-28 18:54:19"
}