{
  "iter": 1900,
  "train_loss": 1.911737084388733,
  "val_loss": 2.555544376373291,
  "best_val_loss": 2.555544376373291,
  "learning_rate": 6.33874420355378e-05,
  "tokens_processed": 1245184000,
  "mfu": 24.726945662491527,
  "timestamp": "2026-01-28 21:09:57"
}