{
  "iter": 200,
  "train_loss": 4.047580718994141,
  "val_loss": 4.058704376220703,
  "best_val_loss": 4.058704376220703,
  "learning_rate": 0.000586798355559691,
  "tokens_processed": 131072000,
  "mfu": 24.745568172526504,
  "timestamp": "2026-01-28 17:57:53"
}