{
  "iter": 1300,
  "train_loss": 2.194917678833008,
  "val_loss": 2.574997663497925,
  "best_val_loss": 2.574997663497925,
  "learning_rate": 0.00020766813410888246,
  "tokens_processed": 851968000,
  "mfu": 24.7237439889522,
  "timestamp": "2026-01-28 20:02:08"
}