{
  "iter": 350,
  "train_loss": 3.414971351623535,
  "val_loss": 3.46633243560791,
  "best_val_loss": 3.46633243560791,
  "learning_rate": 0.0005602515962151625,
  "tokens_processed": 229376000,
  "mfu": 24.725649666418306,
  "timestamp": "2026-01-28 18:14:49"
}