{
  "iter": 1100,
  "train_loss": 2.3364391326904297,
  "val_loss": 2.597613573074341,
  "best_val_loss": 2.597613573074341,
  "learning_rate": 0.0002879929864161533,
  "tokens_processed": 720896000,
  "mfu": 24.744777558875686,
  "timestamp": "2026-01-28 19:39:31"
}