{
  "iter": 650,
  "train_loss": 2.8856780529022217,
  "val_loss": 3.0016167163848877,
  "best_val_loss": 3.0016167163848877,
  "learning_rate": 0.0004711920610540802,
  "tokens_processed": 425984000,
  "mfu": 24.725479314055633,
  "timestamp": "2026-01-28 18:48:41"
}