{
  "iter": 1050,
  "train_loss": 2.3803482055664062,
  "val_loss": 2.6016225814819336,
  "best_val_loss": 2.6016225814819336,
  "learning_rate": 0.00030903791438467916,
  "tokens_processed": 688128000,
  "mfu": 24.72688039536331,
  "timestamp": "2026-01-28 19:33:52"
}