{
  "iter": 1550,
  "train_loss": 2.0334630012512207,
  "val_loss": 2.5677690505981445,
  "best_val_loss": 2.5677690505981445,
  "learning_rate": 0.00012490390105092787,
  "tokens_processed": 1015808000,
  "mfu": 24.725148022440717,
  "timestamp": "2026-01-28 20:30:24"
}