{
  "iter": 750,
  "train_loss": 2.7652480602264404,
  "val_loss": 2.867619514465332,
  "best_val_loss": 2.867619514465332,
  "learning_rate": 0.0004334713720815166,
  "tokens_processed": 491520000,
  "mfu": 24.725483108174263,
  "timestamp": "2026-01-28 18:59:58"
}