{
  "iter": 950,
  "train_loss": 2.496454954147339,
  "val_loss": 2.7038958072662354,
  "best_val_loss": 2.7038958072662354,
  "learning_rate": 0.00035138468318207216,
  "tokens_processed": 622592000,
  "mfu": 24.72664652359647,
  "timestamp": "2026-01-28 19:22:34"
}