{
  "iter": 400,
  "train_loss": 3.3519177436828613,
  "val_loss": 3.385573387145996,
  "best_val_loss": 3.385573387145996,
  "learning_rate": 0.0005484844105049,
  "tokens_processed": 262144000,
  "mfu": 24.744804704732413,
  "timestamp": "2026-01-28 18:20:27"
}