{
  "iter": 1200,
  "train_loss": 2.267195224761963,
  "val_loss": 2.581326961517334,
  "best_val_loss": 2.581326961517334,
  "learning_rate": 0.00024680734196056,
  "tokens_processed": 786432000,
  "mfu": 24.7246498032439,
  "timestamp": "2026-01-28 19:50:50"
}