{
  "iter": 1350,
  "train_loss": 2.1457464694976807,
  "val_loss": 2.549727201461792,
  "best_val_loss": 2.549727201461792,
  "learning_rate": 0.000189169436521559,
  "tokens_processed": 884736000,
  "mfu": 24.726053237818473,
  "timestamp": "2026-01-28 20:07:47"
}