{
  "iter": 1200,
  "train_loss": 2.2534210681915283,
  "val_loss": 2.4836738109588623,
  "best_val_loss": 2.4836738109588623,
  "learning_rate": 0.00036011994002998495,
  "tokens_processed": 786432000,
  "mfu": 25.000213998943245,
  "timestamp": "2026-01-26 22:31:11"
}