{
  "iter": 1800,
  "train_loss": 1.6740413904190063,
  "val_loss": 2.534890651702881,
  "best_val_loss": 2.534890651702881,
  "learning_rate": 0.0005400299850074963,
  "tokens_processed": 1179648000,
  "mfu": 24.992601345419317,
  "timestamp": "2026-01-26 23:37:25"
}