{
  "iter": 2000,
  "train_loss": 1.4719176292419434,
  "val_loss": 2.676166296005249,
  "best_val_loss": 2.676166296005249,
  "learning_rate": 0.0006,
  "tokens_processed": 1310720000,
  "mfu": 24.98633027965979,
  "timestamp": "2026-01-26 23:59:31"
}