{
  "iter": 200,
  "train_loss": 4.519820213317871,
  "val_loss": 4.519154071807861,
  "best_val_loss": 4.519154071807861,
  "learning_rate": 6.026986506746626e-05,
  "tokens_processed": 131072000,
  "mfu": 25.017948121011703,
  "timestamp": "2026-01-26 20:40:52"
}