{
  "iter": 600,
  "train_loss": 3.093630313873291,
  "val_loss": 3.0971908569335938,
  "best_val_loss": 3.0971908569335938,
  "learning_rate": 0.00018020989505247376,
  "tokens_processed": 393216000,
  "mfu": 25.00396173031109,
  "timestamp": "2026-01-26 21:25:00"
}