{
  "iter": 400,
  "train_loss": 3.464597225189209,
  "val_loss": 3.479499578475952,
  "best_val_loss": 3.479499578475952,
  "learning_rate": 0.00012023988005997,
  "tokens_processed": 262144000,
  "mfu": 25.025326216874568,
  "timestamp": "2026-01-26 21:02:56"
}