{
  "iter": 2200,
  "train_loss": 1.026368260383606,
  "val_loss": 2.8884613513946533,
  "best_val_loss": 2.8884613513946533,
  "learning_rate": 6.003297862602369e-05,
  "tokens_processed": 1441792000,
  "mfu": 24.978417878328447,
  "timestamp": "2026-01-27 00:21:37"
}