{
  "iter": 1600,
  "train_loss": 1.8850921392440796,
  "val_loss": 2.4572455883026123,
  "best_val_loss": 2.4572455883026123,
  "learning_rate": 0.00048005997001499245,
  "tokens_processed": 1048576000,
  "mfu": 24.996128268998728,
  "timestamp": "2026-01-26 23:15:20"
}