{
  "iter": 1000,
  "train_loss": 2.4704227447509766,
  "val_loss": 2.5849950313568115,
  "best_val_loss": 2.5849950313568115,
  "learning_rate": 0.00030014992503748123,
  "tokens_processed": 655360000,
  "mfu": 25.02378918087309,
  "timestamp": "2026-01-26 22:09:07"
}