{
  "iter": 1400,
  "train_loss": 2.0733137130737305,
  "val_loss": 2.4062743186950684,
  "best_val_loss": 2.4062743186950684,
  "learning_rate": 0.0004200899550224887,
  "tokens_processed": 917504000,
  "mfu": 25.02054496694828,
  "timestamp": "2026-01-26 22:53:15"
}