{
  "iter": 800,
  "train_loss": 2.778764009475708,
  "val_loss": 2.834927558898926,
  "best_val_loss": 2.834927558898926,
  "learning_rate": 0.0002401799100449775,
  "tokens_processed": 524288000,
  "mfu": 25.023915574935057,
  "timestamp": "2026-01-26 21:47:03"
}