{
  "iter": 1200,
  "train_loss": 2.2955329418182373,
  "val_loss": 2.554309129714966,
  "best_val_loss": 2.554309129714966,
  "learning_rate": 0.00036011994002998495,
  "tokens_processed": 786432000,
  "mfu": 24.03873780888363,
  "timestamp": "2026-01-16 01:28:22"
}