{
  "iter": 200,
  "train_loss": 4.73244571685791,
  "val_loss": 4.747577667236328,
  "best_val_loss": 4.747577667236328,
  "learning_rate": 6.026986506746626e-05,
  "tokens_processed": 131072000,
  "mfu": 24.088197554085937,
  "timestamp": "2026-01-15 23:21:11"
}