{
  "iter": 2000,
  "train_loss": 1.4511973857879639,
  "val_loss": 2.797861337661743,
  "best_val_loss": 2.797861337661743,
  "learning_rate": 0.0006,
  "tokens_processed": 1310720000,
  "mfu": 24.054394235850925,
  "timestamp": "2026-01-16 03:10:08"
}