{
  "iter": 1400,
  "train_loss": 2.1069931983947754,
  "val_loss": 2.524975061416626,
  "best_val_loss": 2.524975061416626,
  "learning_rate": 0.0004200899550224887,
  "tokens_processed": 917504000,
  "mfu": 24.057139734091276,
  "timestamp": "2026-01-16 01:53:49"
}