{
  "iter": 8000,
  "train_loss": 0.18047748506069183,
  "val_loss": 6.266949653625488,
  "best_val_loss": 6.266949653625488,
  "learning_rate": 0.0005998658787205398,
  "tokens_processed": 5242880000,
  "mfu": 24.060021877842395,
  "timestamp": "2025-12-26 07:14:01"
}