{
  "iter": 4000,
  "train_loss": 0.3386848568916321,
  "val_loss": 4.79019021987915,
  "best_val_loss": 4.79019021987915,
  "learning_rate": 0.0005999850965387806,
  "tokens_processed": 2621440000,
  "mfu": 24.067295931758824,
  "timestamp": "2025-12-25 22:55:40"
}